<?xml version="1.0" encoding="UTF-8"?>
<beans xmlns="http://www.springframework.org/schema/beans"
	xmlns:xsi="http://www.w3.org/2001/XMLSchema-instance"
	xmlns:context="http://www.springframework.org/schema/context"
	xsi:schemaLocation="http://www.springframework.org/schema/beans 
			http://www.springframework.org/schema/beans/spring-beans.xsd
			http://www.springframework.org/schema/context 
			http://www.springframework.org/schema/context/spring-context-3.0.xsd">
			<bean id="car" class="beans.Car">
			<property name="wheel" ref="mrf"></property>
			</bean>
			<bean id="mrf" class="beans.Mrf">
			</bean>
			<bean id="ceat" class="beans.Ceat">
			</bean>
			<bean id="emp" class="beans.Employee">
			<property name="address" ref="addr"></property>
			  <!--  <property name="code" value="123"></property>
			<property name="name" value="ankur"></property>-->
			<constructor-arg index="0" value="456"></constructor-arg>
			<constructor-arg index="1" value="ank"></constructor-arg>
			</bean>
			<bean id="addr" class="beans.Address">
			<property name="city" value="hyderabad"></property>
			
			
			</bean>
			</beans>